filepath,label,split
datasets/hockey/train/fight/fi149_xvid.mp4,1,train
datasets/hockey/train/fight/fi148_xvid.mp4,1,train
datasets/hockey/train/fight/fi227_xvid.mp4,1,train
datasets/hockey/train/fight/fi226_xvid.mp4,1,train
datasets/hockey/train/fight/fi33_xvid.mp4,1,train
datasets/hockey/train/fight/fi32_xvid.mp4,1,train
datasets/hockey/train/fight/fi100_xvid.mp4,1,train
datasets/hockey/train/fight/fi366_xvid.mp4,1,train
datasets/hockey/train/fight/fi367_xvid.mp4,1,train
datasets/hockey/train/fight/fi101_xvid.mp4,1,train
datasets/hockey/train/fight/fi192_xvid.mp4,1,train
datasets/hockey/train/fight/fi193_xvid.mp4,1,train
datasets/hockey/train/fight/fi311_xvid.mp4,1,train
datasets/hockey/train/fight/fi177_xvid.mp4,1,train
datasets/hockey/train/fight/fi176_xvid.mp4,1,train
datasets/hockey/train/fight/fi310_xvid.mp4,1,train
datasets/hockey/train/fight/fi383_xvid.mp4,1,train
datasets/hockey/train/fight/fi382_xvid.mp4,1,train
datasets/hockey/train/fight/fi219_xvid.mp4,1,train
datasets/hockey/train/fight/fi218_xvid.mp4,1,train
datasets/hockey/train/fight/fi358_xvid.mp4,1,train
datasets/hockey/train/fight/fi359_xvid.mp4,1,train
datasets/hockey/train/fight/fi250_xvid.mp4,1,train
datasets/hockey/train/fight/fi251_xvid.mp4,1,train
datasets/hockey/train/fight/fi44_xvid.mp4,1,train
datasets/hockey/train/fight/fi45_xvid.mp4,1,train
datasets/hockey/train/fight/fi264_xvid.mp4,1,train
datasets/hockey/train/fight/fi265_xvid.mp4,1,train
datasets/hockey/train/fight/fi70_xvid.mp4,1,train
datasets/hockey/train/fight/fi71_xvid.mp4,1,train
datasets/hockey/train/fight/fi198_xvid.mp4,1,train
datasets/hockey/train/fight/fi199_xvid.mp4,1,train
datasets/hockey/train/fight/fi39_xvid.mp4,1,train
datasets/hockey/train/fight/fi38_xvid.mp4,1,train
datasets/hockey/train/fight/fi325_xvid.mp4,1,train
datasets/hockey/train/fight/fi143_xvid.mp4,1,train
datasets/hockey/train/fight/fi142_xvid.mp4,1,train
datasets/hockey/train/fight/fi324_xvid.mp4,1,train
datasets/hockey/train/fight/fi134_xvid.mp4,1,train
datasets/hockey/train/fight/fi352_xvid.mp4,1,train
datasets/hockey/train/fight/fi7_xvid.mp4,1,train
datasets/hockey/train/fight/fi353_xvid.mp4,1,train
datasets/hockey/train/fight/fi135_xvid.mp4,1,train
datasets/hockey/train/fight/fi6_xvid.mp4,1,train
datasets/hockey/train/fight/fi213_xvid.mp4,1,train
datasets/hockey/train/fight/fi212_xvid.mp4,1,train
datasets/hockey/train/fight/fi389_xvid.mp4,1,train
datasets/hockey/train/fight/fi388_xvid.mp4,1,train
datasets/hockey/train/fight/fi95_xvid.mp4,1,train
datasets/hockey/train/fight/fi94_xvid.mp4,1,train
datasets/hockey/train/fight/fi281_xvid.mp4,1,train
datasets/hockey/train/fight/fi280_xvid.mp4,1,train
datasets/hockey/train/fight/fi185_xvid.mp4,1,train
datasets/hockey/train/fight/fi184_xvid.mp4,1,train
datasets/hockey/train/fight/fi279_xvid.mp4,1,train
datasets/hockey/train/fight/fi278_xvid.mp4,1,train
datasets/hockey/train/fight/fi117_xvid.mp4,1,train
datasets/hockey/train/fight/fi371_xvid.mp4,1,train
datasets/hockey/train/fight/fi370_xvid.mp4,1,train
datasets/hockey/train/fight/fi116_xvid.mp4,1,train
datasets/hockey/train/fight/fi230_xvid.mp4,1,train
datasets/hockey/train/fight/fi231_xvid.mp4,1,train
datasets/hockey/train/fight/fi24_xvid.mp4,1,train
datasets/hockey/train/fight/fi25_xvid.mp4,1,train
datasets/hockey/train/fight/fi338_xvid.mp4,1,train
datasets/hockey/train/fight/fi339_xvid.mp4,1,train
datasets/hockey/train/fight/fi247_xvid.mp4,1,train
datasets/hockey/train/fight/fi246_xvid.mp4,1,train
datasets/hockey/train/fight/fi53_xvid.mp4,1,train
datasets/hockey/train/fight/fi52_xvid.mp4,1,train
datasets/hockey/train/fight/fi129_xvid.mp4,1,train
datasets/hockey/train/fight/fi128_xvid.mp4,1,train
datasets/hockey/train/fight/fi394_xvid.mp4,1,train
datasets/hockey/train/fight/fi395_xvid.mp4,1,train
datasets/hockey/train/fight/fi306_xvid.mp4,1,train
datasets/hockey/train/fight/fi160_xvid.mp4,1,train
datasets/hockey/train/fight/fi161_xvid.mp4,1,train
datasets/hockey/train/fight/fi307_xvid.mp4,1,train
datasets/hockey/train/fight/fi88_xvid.mp4,1,train
datasets/hockey/train/fight/fi89_xvid.mp4,1,train
datasets/hockey/train/fight/fi400_xvid.mp4,1,train
datasets/hockey/train/fight/fi332_xvid.mp4,1,train
datasets/hockey/train/fight/fi154_xvid.mp4,1,train
datasets/hockey/train/fight/fi155_xvid.mp4,1,train
datasets/hockey/train/fight/fi333_xvid.mp4,1,train
datasets/hockey/train/fight/fi273_xvid.mp4,1,train
datasets/hockey/train/fight/fi272_xvid.mp4,1,train
datasets/hockey/train/fight/fi67_xvid.mp4,1,train
datasets/hockey/train/fight/fi66_xvid.mp4,1,train
datasets/hockey/train/fight/fi82_xvid.mp4,1,train
datasets/hockey/train/fight/fi83_xvid.mp4,1,train
datasets/hockey/train/fight/fi296_xvid.mp4,1,train
datasets/hockey/train/fight/fi297_xvid.mp4,1,train
datasets/hockey/train/fight/fi204_xvid.mp4,1,train
datasets/hockey/train/fight/fi205_xvid.mp4,1,train
datasets/hockey/train/fight/fi10_xvid.mp4,1,train
datasets/hockey/train/fight/fi11_xvid.mp4,1,train
datasets/hockey/train/fight/fi123_xvid.mp4,1,train
datasets/hockey/train/fight/fi345_xvid.mp4,1,train
datasets/hockey/train/fight/fi344_xvid.mp4,1,train
datasets/hockey/train/fight/fi122_xvid.mp4,1,train
datasets/hockey/train/fight/fi59_xvid.mp4,1,train
datasets/hockey/train/fight/fi58_xvid.mp4,1,train
datasets/hockey/train/fight/fi376_xvid.mp4,1,train
datasets/hockey/train/fight/fi110_xvid.mp4,1,train
datasets/hockey/train/fight/fi111_xvid.mp4,1,train
datasets/hockey/train/fight/fi377_xvid.mp4,1,train
datasets/hockey/train/fight/fi182_xvid.mp4,1,train
datasets/hockey/train/fight/fi183_xvid.mp4,1,train
datasets/hockey/train/fight/fi159_xvid.mp4,1,train
datasets/hockey/train/fight/fi158_xvid.mp4,1,train
datasets/hockey/train/fight/fi237_xvid.mp4,1,train
datasets/hockey/train/fight/fi236_xvid.mp4,1,train
datasets/hockey/train/fight/fi23_xvid.mp4,1,train
datasets/hockey/train/fight/fi22_xvid.mp4,1,train
datasets/hockey/train/fight/fi348_xvid.mp4,1,train
datasets/hockey/train/fight/fi349_xvid.mp4,1,train
datasets/hockey/train/fight/fi240_xvid.mp4,1,train
datasets/hockey/train/fight/fi241_xvid.mp4,1,train
datasets/hockey/train/fight/fi54_xvid.mp4,1,train
datasets/hockey/train/fight/fi55_xvid.mp4,1,train
datasets/hockey/train/fight/fi167_xvid.mp4,1,train
datasets/hockey/train/fight/fi301_xvid.mp4,1,train
datasets/hockey/train/fight/fi300_xvid.mp4,1,train
datasets/hockey/train/fight/fi166_xvid.mp4,1,train
datasets/hockey/train/fight/fi393_xvid.mp4,1,train
datasets/hockey/train/fight/fi392_xvid.mp4,1,train
datasets/hockey/train/fight/fi209_xvid.mp4,1,train
datasets/hockey/train/fight/fi208_xvid.mp4,1,train
datasets/hockey/train/fight/fi29_xvid.mp4,1,train
datasets/hockey/train/fight/fi28_xvid.mp4,1,train
datasets/hockey/train/fight/fi153_xvid.mp4,1,train
datasets/hockey/train/fight/fi335_xvid.mp4,1,train
datasets/hockey/train/fight/fi334_xvid.mp4,1,train
datasets/hockey/train/fight/fi152_xvid.mp4,1,train
datasets/hockey/train/fight/fi274_xvid.mp4,1,train
datasets/hockey/train/fight/fi275_xvid.mp4,1,train
datasets/hockey/train/fight/fi188_xvid.mp4,1,train
datasets/hockey/train/fight/fi189_xvid.mp4,1,train
datasets/hockey/train/fight/fi60_xvid.mp4,1,train
datasets/hockey/train/fight/fi61_xvid.mp4,1,train
datasets/hockey/train/fight/fi203_xvid.mp4,1,train
datasets/hockey/train/fight/fi202_xvid.mp4,1,train
datasets/hockey/train/fight/fi399_xvid.mp4,1,train
datasets/hockey/train/fight/fi398_xvid.mp4,1,train
datasets/hockey/train/fight/fi17_xvid.mp4,1,train
datasets/hockey/train/fight/fi16_xvid.mp4,1,train
datasets/hockey/train/fight/fi85_xvid.mp4,1,train
datasets/hockey/train/fight/fi84_xvid.mp4,1,train
datasets/hockey/train/fight/fi291_xvid.mp4,1,train
datasets/hockey/train/fight/fi290_xvid.mp4,1,train
datasets/hockey/train/fight/fi342_xvid.mp4,1,train
datasets/hockey/train/fight/fi124_xvid.mp4,1,train
datasets/hockey/train/fight/fi125_xvid.mp4,1,train
datasets/hockey/train/fight/fi343_xvid.mp4,1,train
datasets/hockey/train/fight/fi220_xvid.mp4,1,train
datasets/hockey/train/fight/fi221_xvid.mp4,1,train
datasets/hockey/train/fight/fi34_xvid.mp4,1,train
datasets/hockey/train/fight/fi35_xvid.mp4,1,train
datasets/hockey/train/fight/fi328_xvid.mp4,1,train
datasets/hockey/train/fight/fi329_xvid.mp4,1,train
datasets/hockey/train/fight/fi195_xvid.mp4,1,train
datasets/hockey/train/fight/fi194_xvid.mp4,1,train
datasets/hockey/train/fight/fi269_xvid.mp4,1,train
datasets/hockey/train/fight/fi268_xvid.mp4,1,train
datasets/hockey/train/fight/fi361_xvid.mp4,1,train
datasets/hockey/train/fight/fi107_xvid.mp4,1,train
datasets/hockey/train/fight/fi106_xvid.mp4,1,train
datasets/hockey/train/fight/fi360_xvid.mp4,1,train
datasets/hockey/train/fight/fi384_xvid.mp4,1,train
datasets/hockey/train/fight/fi385_xvid.mp4,1,train
datasets/hockey/train/fight/fi98_xvid.mp4,1,train
datasets/hockey/train/fight/fi99_xvid.mp4,1,train
datasets/hockey/train/fight/fi170_xvid.mp4,1,train
datasets/hockey/train/fight/fi316_xvid.mp4,1,train
datasets/hockey/train/fight/fi317_xvid.mp4,1,train
datasets/hockey/train/fight/fi171_xvid.mp4,1,train
datasets/hockey/train/fight/fi257_xvid.mp4,1,train
datasets/hockey/train/fight/fi256_xvid.mp4,1,train
datasets/hockey/train/fight/fi43_xvid.mp4,1,train
datasets/hockey/train/fight/fi42_xvid.mp4,1,train
datasets/hockey/train/fight/fi139_xvid.mp4,1,train
datasets/hockey/train/fight/fi138_xvid.mp4,1,train
datasets/hockey/train/fight/fi263_xvid.mp4,1,train
datasets/hockey/train/fight/fi262_xvid.mp4,1,train
datasets/hockey/train/fight/fi77_xvid.mp4,1,train
datasets/hockey/train/fight/fi76_xvid.mp4,1,train
datasets/hockey/train/fight/fi144_xvid.mp4,1,train
datasets/hockey/train/fight/fi322_xvid.mp4,1,train
datasets/hockey/train/fight/fi323_xvid.mp4,1,train
datasets/hockey/train/fight/fi145_xvid.mp4,1,train
datasets/hockey/train/fight/fi355_xvid.mp4,1,train
datasets/hockey/train/fight/fi133_xvid.mp4,1,train
datasets/hockey/train/fight/fi132_xvid.mp4,1,train
datasets/hockey/train/fight/fi354_xvid.mp4,1,train
datasets/hockey/train/fight/fi1_xvid.mp4,1,train
datasets/hockey/train/fight/fi49_xvid.mp4,1,train
datasets/hockey/train/fight/fi48_xvid.mp4,1,train
datasets/hockey/train/fight/fi92_xvid.mp4,1,train
datasets/hockey/train/fight/fi93_xvid.mp4,1,train
datasets/hockey/train/fight/fi286_xvid.mp4,1,train
datasets/hockey/train/fight/fi287_xvid.mp4,1,train
datasets/hockey/train/fight/fi214_xvid.mp4,1,train
datasets/hockey/train/fight/fi215_xvid.mp4,1,train
datasets/hockey/train/fight/fi331_xvid.mp4,1,train
datasets/hockey/train/fight/fi157_xvid.mp4,1,train
datasets/hockey/train/fight/fi156_xvid.mp4,1,train
datasets/hockey/train/fight/fi330_xvid.mp4,1,train
datasets/hockey/train/fight/fi239_xvid.mp4,1,train
datasets/hockey/train/fight/fi238_xvid.mp4,1,train
datasets/hockey/train/fight/fi378_xvid.mp4,1,train
datasets/hockey/train/fight/fi379_xvid.mp4,1,train
datasets/hockey/train/fight/fi64_xvid.mp4,1,train
datasets/hockey/train/fight/fi65_xvid.mp4,1,train
datasets/hockey/train/fight/fi270_xvid.mp4,1,train
datasets/hockey/train/fight/fi271_xvid.mp4,1,train
datasets/hockey/train/fight/fi295_xvid.mp4,1,train
datasets/hockey/train/fight/fi294_xvid.mp4,1,train
datasets/hockey/train/fight/fi169_xvid.mp4,1,train
datasets/hockey/train/fight/fi168_xvid.mp4,1,train
datasets/hockey/train/fight/fi81_xvid.mp4,1,train
datasets/hockey/train/fight/fi80_xvid.mp4,1,train
datasets/hockey/train/fight/fi13_xvid.mp4,1,train
datasets/hockey/train/fight/fi12_xvid.mp4,1,train
datasets/hockey/train/fight/fi207_xvid.mp4,1,train
datasets/hockey/train/fight/fi206_xvid.mp4,1,train
datasets/hockey/train/fight/fi120_xvid.mp4,1,train
datasets/hockey/train/fight/fi346_xvid.mp4,1,train
datasets/hockey/train/fight/fi347_xvid.mp4,1,train
datasets/hockey/train/fight/fi121_xvid.mp4,1,train
datasets/hockey/train/fight/fi186_xvid.mp4,1,train
datasets/hockey/train/fight/fi187_xvid.mp4,1,train
datasets/hockey/train/fight/fi114_xvid.mp4,1,train
datasets/hockey/train/fight/fi372_xvid.mp4,1,train
datasets/hockey/train/fight/fi373_xvid.mp4,1,train
datasets/hockey/train/fight/fi115_xvid.mp4,1,train
datasets/hockey/train/fight/fi27_xvid.mp4,1,train
datasets/hockey/train/fight/fi26_xvid.mp4,1,train
datasets/hockey/train/fight/fi233_xvid.mp4,1,train
datasets/hockey/train/fight/fi232_xvid.mp4,1,train
datasets/hockey/train/fight/fi50_xvid.mp4,1,train
datasets/hockey/train/fight/fi51_xvid.mp4,1,train
datasets/hockey/train/fight/fi244_xvid.mp4,1,train
datasets/hockey/train/fight/fi245_xvid.mp4,1,train
datasets/hockey/train/fight/fi397_xvid.mp4,1,train
datasets/hockey/train/fight/fi396_xvid.mp4,1,train
datasets/hockey/train/fight/fi19_xvid.mp4,1,train
datasets/hockey/train/fight/fi18_xvid.mp4,1,train
datasets/hockey/train/fight/fi305_xvid.mp4,1,train
datasets/hockey/train/fight/fi163_xvid.mp4,1,train
datasets/hockey/train/fight/fi162_xvid.mp4,1,train
datasets/hockey/train/fight/fi304_xvid.mp4,1,train
datasets/hockey/train/fight/fi73_xvid.mp4,1,train
datasets/hockey/train/fight/fi72_xvid.mp4,1,train
datasets/hockey/train/fight/fi267_xvid.mp4,1,train
datasets/hockey/train/fight/fi266_xvid.mp4,1,train
datasets/hockey/train/fight/fi109_xvid.mp4,1,train
datasets/hockey/train/fight/fi108_xvid.mp4,1,train
datasets/hockey/train/fight/fi326_xvid.mp4,1,train
datasets/hockey/train/fight/fi140_xvid.mp4,1,train
datasets/hockey/train/fight/fi141_xvid.mp4,1,train
datasets/hockey/train/fight/fi327_xvid.mp4,1,train
datasets/hockey/train/fight/fi259_xvid.mp4,1,train
datasets/hockey/train/fight/fi258_xvid.mp4,1,train
datasets/hockey/train/fight/fi4_xvid.mp4,1,train
datasets/hockey/train/fight/fi137_xvid.mp4,1,train
datasets/hockey/train/fight/fi351_xvid.mp4,1,train
datasets/hockey/train/fight/fi5_xvid.mp4,1,train
datasets/hockey/train/fight/fi350_xvid.mp4,1,train
datasets/hockey/train/fight/fi136_xvid.mp4,1,train
datasets/hockey/train/fight/fi210_xvid.mp4,1,train
datasets/hockey/train/fight/fi211_xvid.mp4,1,train
datasets/hockey/train/fight/fi282_xvid.mp4,1,train
datasets/hockey/train/fight/fi283_xvid.mp4,1,train
datasets/hockey/train/fight/fi96_xvid.mp4,1,train
datasets/hockey/train/fight/fi97_xvid.mp4,1,train
datasets/hockey/train/fight/fi318_xvid.mp4,1,train
datasets/hockey/train/fight/fi319_xvid.mp4,1,train
datasets/hockey/train/fight/fi30_xvid.mp4,1,train
datasets/hockey/train/fight/fi31_xvid.mp4,1,train
datasets/hockey/train/fight/fi224_xvid.mp4,1,train
datasets/hockey/train/fight/fi225_xvid.mp4,1,train
datasets/hockey/train/fight/fi103_xvid.mp4,1,train
datasets/hockey/train/fight/fi365_xvid.mp4,1,train
datasets/hockey/train/fight/fi364_xvid.mp4,1,train
datasets/hockey/train/fight/fi102_xvid.mp4,1,train
datasets/hockey/train/fight/fi79_xvid.mp4,1,train
datasets/hockey/train/fight/fi78_xvid.mp4,1,train
datasets/hockey/train/fight/fi191_xvid.mp4,1,train
datasets/hockey/train/fight/fi190_xvid.mp4,1,train
datasets/hockey/train/fight/fi312_xvid.mp4,1,train
datasets/hockey/train/fight/fi174_xvid.mp4,1,train
datasets/hockey/train/fight/fi175_xvid.mp4,1,train
datasets/hockey/train/fight/fi313_xvid.mp4,1,train
datasets/hockey/train/fight/fi288_xvid.mp4,1,train
datasets/hockey/train/fight/fi289_xvid.mp4,1,train
datasets/hockey/train/fight/fi380_xvid.mp4,1,train
datasets/hockey/train/fight/fi381_xvid.mp4,1,train
datasets/hockey/train/fight/fi47_xvid.mp4,1,train
datasets/hockey/train/fight/fi46_xvid.mp4,1,train
datasets/hockey/train/fight/fi253_xvid.mp4,1,train
datasets/hockey/train/fight/fi252_xvid.mp4,1,train
datasets/hockey/train/fight/fi368_xvid.mp4,1,train
datasets/hockey/train/fight/fi369_xvid.mp4,1,train
datasets/hockey/train/fight/fi74_xvid.mp4,1,train
datasets/hockey/train/fight/fi75_xvid.mp4,1,train
datasets/hockey/train/fight/fi260_xvid.mp4,1,train
datasets/hockey/train/fight/fi261_xvid.mp4,1,train
datasets/hockey/train/fight/fi147_xvid.mp4,1,train
datasets/hockey/train/fight/fi321_xvid.mp4,1,train
datasets/hockey/train/fight/fi320_xvid.mp4,1,train
datasets/hockey/train/fight/fi146_xvid.mp4,1,train
datasets/hockey/train/fight/fi229_xvid.mp4,1,train
datasets/hockey/train/fight/fi228_xvid.mp4,1,train
datasets/hockey/train/fight/fi3_xvid.mp4,1,train
datasets/hockey/train/fight/fi356_xvid.mp4,1,train
datasets/hockey/train/fight/fi130_xvid.mp4,1,train
datasets/hockey/train/fight/fi2_xvid.mp4,1,train
datasets/hockey/train/fight/fi131_xvid.mp4,1,train
datasets/hockey/train/fight/fi357_xvid.mp4,1,train
datasets/hockey/train/fight/fi285_xvid.mp4,1,train
datasets/hockey/train/fight/fi284_xvid.mp4,1,train
datasets/hockey/train/fight/fi91_xvid.mp4,1,train
datasets/hockey/train/fight/fi90_xvid.mp4,1,train
datasets/hockey/train/fight/fi179_xvid.mp4,1,train
datasets/hockey/train/fight/fi178_xvid.mp4,1,train
datasets/hockey/train/fight/fi217_xvid.mp4,1,train
datasets/hockey/train/fight/fi216_xvid.mp4,1,train
datasets/hockey/train/fight/fi37_xvid.mp4,1,train
datasets/hockey/train/fight/fi36_xvid.mp4,1,train
datasets/hockey/train/fight/fi223_xvid.mp4,1,train
datasets/hockey/train/fight/fi222_xvid.mp4,1,train
datasets/hockey/train/fight/fi196_xvid.mp4,1,train
datasets/hockey/train/fight/fi197_xvid.mp4,1,train
datasets/hockey/train/fight/fi362_xvid.mp4,1,train
datasets/hockey/train/fight/fi104_xvid.mp4,1,train
datasets/hockey/train/fight/fi105_xvid.mp4,1,train
datasets/hockey/train/fight/fi363_xvid.mp4,1,train
datasets/hockey/train/fight/fi387_xvid.mp4,1,train
datasets/hockey/train/fight/fi386_xvid.mp4,1,train
datasets/hockey/train/fight/fi173_xvid.mp4,1,train
datasets/hockey/train/fight/fi315_xvid.mp4,1,train
datasets/hockey/train/fight/fi314_xvid.mp4,1,train
datasets/hockey/train/fight/fi172_xvid.mp4,1,train
datasets/hockey/train/fight/fi40_xvid.mp4,1,train
datasets/hockey/train/fight/fi41_xvid.mp4,1,train
datasets/hockey/train/fight/fi254_xvid.mp4,1,train
datasets/hockey/train/fight/fi255_xvid.mp4,1,train
datasets/hockey/train/fight/fi9_xvid.mp4,1,train
datasets/hockey/train/fight/fi8_xvid.mp4,1,train
datasets/hockey/train/fight/fi150_xvid.mp4,1,train
datasets/hockey/train/fight/fi336_xvid.mp4,1,train
datasets/hockey/train/fight/fi337_xvid.mp4,1,train
datasets/hockey/train/fight/fi151_xvid.mp4,1,train
datasets/hockey/train/fight/fi63_xvid.mp4,1,train
datasets/hockey/train/fight/fi62_xvid.mp4,1,train
datasets/hockey/train/fight/fi277_xvid.mp4,1,train
datasets/hockey/train/fight/fi276_xvid.mp4,1,train
datasets/hockey/train/fight/fi119_xvid.mp4,1,train
datasets/hockey/train/fight/fi118_xvid.mp4,1,train
datasets/hockey/train/fight/fi14_xvid.mp4,1,train
datasets/hockey/train/fight/fi15_xvid.mp4,1,train
datasets/hockey/train/fight/fi200_xvid.mp4,1,train
datasets/hockey/train/fight/fi201_xvid.mp4,1,train
datasets/hockey/train/fight/fi292_xvid.mp4,1,train
datasets/hockey/train/fight/fi293_xvid.mp4,1,train
datasets/hockey/train/fight/fi308_xvid.mp4,1,train
datasets/hockey/train/fight/fi309_xvid.mp4,1,train
datasets/hockey/train/fight/fi86_xvid.mp4,1,train
datasets/hockey/train/fight/fi87_xvid.mp4,1,train
datasets/hockey/train/fight/fi249_xvid.mp4,1,train
datasets/hockey/train/fight/fi248_xvid.mp4,1,train
datasets/hockey/train/fight/fi341_xvid.mp4,1,train
datasets/hockey/train/fight/fi127_xvid.mp4,1,train
datasets/hockey/train/fight/fi126_xvid.mp4,1,train
datasets/hockey/train/fight/fi340_xvid.mp4,1,train
datasets/hockey/train/fight/fi375_xvid.mp4,1,train
datasets/hockey/train/fight/fi113_xvid.mp4,1,train
datasets/hockey/train/fight/fi112_xvid.mp4,1,train
datasets/hockey/train/fight/fi374_xvid.mp4,1,train
datasets/hockey/train/fight/fi181_xvid.mp4,1,train
datasets/hockey/train/fight/fi180_xvid.mp4,1,train
datasets/hockey/train/fight/fi69_xvid.mp4,1,train
datasets/hockey/train/fight/fi68_xvid.mp4,1,train
datasets/hockey/train/fight/fi20_xvid.mp4,1,train
datasets/hockey/train/fight/fi21_xvid.mp4,1,train
datasets/hockey/train/fight/fi234_xvid.mp4,1,train
datasets/hockey/train/fight/fi235_xvid.mp4,1,train
datasets/hockey/train/fight/fi57_xvid.mp4,1,train
datasets/hockey/train/fight/fi56_xvid.mp4,1,train
datasets/hockey/train/fight/fi243_xvid.mp4,1,train
datasets/hockey/train/fight/fi242_xvid.mp4,1,train
datasets/hockey/train/fight/fi164_xvid.mp4,1,train
datasets/hockey/train/fight/fi302_xvid.mp4,1,train
datasets/hockey/train/fight/fi303_xvid.mp4,1,train
datasets/hockey/train/fight/fi165_xvid.mp4,1,train
datasets/hockey/train/fight/fi298_xvid.mp4,1,train
datasets/hockey/train/fight/fi299_xvid.mp4,1,train
datasets/hockey/train/fight/fi390_xvid.mp4,1,train
datasets/hockey/train/fight/fi391_xvid.mp4,1,train
datasets/hockey/train/nonfight/no363_xvid.mp4,0,train
datasets/hockey/train/nonfight/no105_xvid.mp4,0,train
datasets/hockey/train/nonfight/no104_xvid.mp4,0,train
datasets/hockey/train/nonfight/no362_xvid.mp4,0,train
datasets/hockey/train/nonfight/no77_xvid.mp4,0,train
datasets/hockey/train/nonfight/no76_xvid.mp4,0,train
datasets/hockey/train/nonfight/no197_xvid.mp4,0,train
datasets/hockey/train/nonfight/no196_xvid.mp4,0,train
datasets/hockey/train/nonfight/no222_xvid.mp4,0,train
datasets/hockey/train/nonfight/no223_xvid.mp4,0,train
datasets/hockey/train/nonfight/no255_xvid.mp4,0,train
datasets/hockey/train/nonfight/no254_xvid.mp4,0,train
datasets/hockey/train/nonfight/no49_xvid.mp4,0,train
datasets/hockey/train/nonfight/no48_xvid.mp4,0,train
datasets/hockey/train/nonfight/no172_xvid.mp4,0,train
datasets/hockey/train/nonfight/no314_xvid.mp4,0,train
datasets/hockey/train/nonfight/no315_xvid.mp4,0,train
datasets/hockey/train/nonfight/no173_xvid.mp4,0,train
datasets/hockey/train/nonfight/no92_xvid.mp4,0,train
datasets/hockey/train/nonfight/no93_xvid.mp4,0,train
datasets/hockey/train/nonfight/no386_xvid.mp4,0,train
datasets/hockey/train/nonfight/no387_xvid.mp4,0,train
datasets/hockey/train/nonfight/no228_xvid.mp4,0,train
datasets/hockey/train/nonfight/no229_xvid.mp4,0,train
datasets/hockey/train/nonfight/no34_xvid.mp4,0,train
datasets/hockey/train/nonfight/no35_xvid.mp4,0,train
datasets/hockey/train/nonfight/no146_xvid.mp4,0,train
datasets/hockey/train/nonfight/no320_xvid.mp4,0,train
datasets/hockey/train/nonfight/no7_xvid.mp4,0,train
datasets/hockey/train/nonfight/no321_xvid.mp4,0,train
datasets/hockey/train/nonfight/no147_xvid.mp4,0,train
datasets/hockey/train/nonfight/no6_xvid.mp4,0,train
datasets/hockey/train/nonfight/no261_xvid.mp4,0,train
datasets/hockey/train/nonfight/no260_xvid.mp4,0,train
datasets/hockey/train/nonfight/no369_xvid.mp4,0,train
datasets/hockey/train/nonfight/no368_xvid.mp4,0,train
datasets/hockey/train/nonfight/no216_xvid.mp4,0,train
datasets/hockey/train/nonfight/no217_xvid.mp4,0,train
datasets/hockey/train/nonfight/no98_xvid.mp4,0,train
datasets/hockey/train/nonfight/no99_xvid.mp4,0,train
datasets/hockey/train/nonfight/no284_xvid.mp4,0,train
datasets/hockey/train/nonfight/no285_xvid.mp4,0,train
datasets/hockey/train/nonfight/no178_xvid.mp4,0,train
datasets/hockey/train/nonfight/no179_xvid.mp4,0,train
datasets/hockey/train/nonfight/no43_xvid.mp4,0,train
datasets/hockey/train/nonfight/no42_xvid.mp4,0,train
datasets/hockey/train/nonfight/no357_xvid.mp4,0,train
datasets/hockey/train/nonfight/no131_xvid.mp4,0,train
datasets/hockey/train/nonfight/no130_xvid.mp4,0,train
datasets/hockey/train/nonfight/no356_xvid.mp4,0,train
datasets/hockey/train/nonfight/no29_xvid.mp4,0,train
datasets/hockey/train/nonfight/no28_xvid.mp4,0,train
datasets/hockey/train/nonfight/no235_xvid.mp4,0,train
datasets/hockey/train/nonfight/no234_xvid.mp4,0,train
datasets/hockey/train/nonfight/no60_xvid.mp4,0,train
datasets/hockey/train/nonfight/no61_xvid.mp4,0,train
datasets/hockey/train/nonfight/no180_xvid.mp4,0,train
datasets/hockey/train/nonfight/no181_xvid.mp4,0,train
datasets/hockey/train/nonfight/no374_xvid.mp4,0,train
datasets/hockey/train/nonfight/no112_xvid.mp4,0,train
datasets/hockey/train/nonfight/no113_xvid.mp4,0,train
datasets/hockey/train/nonfight/no375_xvid.mp4,0,train
datasets/hockey/train/nonfight/no17_xvid.mp4,0,train
datasets/hockey/train/nonfight/no16_xvid.mp4,0,train
datasets/hockey/train/nonfight/no391_xvid.mp4,0,train
datasets/hockey/train/nonfight/no390_xvid.mp4,0,train
datasets/hockey/train/nonfight/no165_xvid.mp4,0,train
datasets/hockey/train/nonfight/no303_xvid.mp4,0,train
datasets/hockey/train/nonfight/no302_xvid.mp4,0,train
datasets/hockey/train/nonfight/no164_xvid.mp4,0,train
datasets/hockey/train/nonfight/no299_xvid.mp4,0,train
datasets/hockey/train/nonfight/no298_xvid.mp4,0,train
datasets/hockey/train/nonfight/no85_xvid.mp4,0,train
datasets/hockey/train/nonfight/no84_xvid.mp4,0,train
datasets/hockey/train/nonfight/no242_xvid.mp4,0,train
datasets/hockey/train/nonfight/no243_xvid.mp4,0,train
datasets/hockey/train/nonfight/no118_xvid.mp4,0,train
datasets/hockey/train/nonfight/no119_xvid.mp4,0,train
datasets/hockey/train/nonfight/no276_xvid.mp4,0,train
datasets/hockey/train/nonfight/no277_xvid.mp4,0,train
datasets/hockey/train/nonfight/no151_xvid.mp4,0,train
datasets/hockey/train/nonfight/no337_xvid.mp4,0,train
datasets/hockey/train/nonfight/no336_xvid.mp4,0,train
datasets/hockey/train/nonfight/no150_xvid.mp4,0,train
datasets/hockey/train/nonfight/no23_xvid.mp4,0,train
datasets/hockey/train/nonfight/no22_xvid.mp4,0,train
datasets/hockey/train/nonfight/no340_xvid.mp4,0,train
datasets/hockey/train/nonfight/no126_xvid.mp4,0,train
datasets/hockey/train/nonfight/no127_xvid.mp4,0,train
datasets/hockey/train/nonfight/no341_xvid.mp4,0,train
datasets/hockey/train/nonfight/no54_xvid.mp4,0,train
datasets/hockey/train/nonfight/no55_xvid.mp4,0,train
datasets/hockey/train/nonfight/no248_xvid.mp4,0,train
datasets/hockey/train/nonfight/no249_xvid.mp4,0,train
datasets/hockey/train/nonfight/no293_xvid.mp4,0,train
datasets/hockey/train/nonfight/no292_xvid.mp4,0,train
datasets/hockey/train/nonfight/no309_xvid.mp4,0,train
datasets/hockey/train/nonfight/no308_xvid.mp4,0,train
datasets/hockey/train/nonfight/no201_xvid.mp4,0,train
datasets/hockey/train/nonfight/no200_xvid.mp4,0,train
datasets/hockey/train/nonfight/no232_xvid.mp4,0,train
datasets/hockey/train/nonfight/no233_xvid.mp4,0,train
datasets/hockey/train/nonfight/no115_xvid.mp4,0,train
datasets/hockey/train/nonfight/no373_xvid.mp4,0,train
datasets/hockey/train/nonfight/no372_xvid.mp4,0,train
datasets/hockey/train/nonfight/no114_xvid.mp4,0,train
datasets/hockey/train/nonfight/no67_xvid.mp4,0,train
datasets/hockey/train/nonfight/no66_xvid.mp4,0,train
datasets/hockey/train/nonfight/no187_xvid.mp4,0,train
datasets/hockey/train/nonfight/no186_xvid.mp4,0,train
datasets/hockey/train/nonfight/no304_xvid.mp4,0,train
datasets/hockey/train/nonfight/no162_xvid.mp4,0,train
datasets/hockey/train/nonfight/no163_xvid.mp4,0,train
datasets/hockey/train/nonfight/no305_xvid.mp4,0,train
datasets/hockey/train/nonfight/no82_xvid.mp4,0,train
datasets/hockey/train/nonfight/no83_xvid.mp4,0,train
datasets/hockey/train/nonfight/no10_xvid.mp4,0,train
datasets/hockey/train/nonfight/no11_xvid.mp4,0,train
datasets/hockey/train/nonfight/no396_xvid.mp4,0,train
datasets/hockey/train/nonfight/no397_xvid.mp4,0,train
datasets/hockey/train/nonfight/no59_xvid.mp4,0,train
datasets/hockey/train/nonfight/no58_xvid.mp4,0,train
datasets/hockey/train/nonfight/no245_xvid.mp4,0,train
datasets/hockey/train/nonfight/no244_xvid.mp4,0,train
datasets/hockey/train/nonfight/no271_xvid.mp4,0,train
datasets/hockey/train/nonfight/no270_xvid.mp4,0,train
datasets/hockey/train/nonfight/no379_xvid.mp4,0,train
datasets/hockey/train/nonfight/no378_xvid.mp4,0,train
datasets/hockey/train/nonfight/no24_xvid.mp4,0,train
datasets/hockey/train/nonfight/no25_xvid.mp4,0,train
datasets/hockey/train/nonfight/no239_xvid.mp4,0,train
datasets/hockey/train/nonfight/no142__xvid.mp4,0,train
datasets/hockey/train/nonfight/no330_xvid.mp4,0,train
datasets/hockey/train/nonfight/no156_xvid.mp4,0,train
datasets/hockey/train/nonfight/no157_xvid.mp4,0,train
datasets/hockey/train/nonfight/no331_xvid.mp4,0,train
datasets/hockey/train/nonfight/no53_xvid.mp4,0,train
datasets/hockey/train/nonfight/no52_xvid.mp4,0,train
datasets/hockey/train/nonfight/no121_xvid.mp4,0,train
datasets/hockey/train/nonfight/no347_xvid.mp4,0,train
datasets/hockey/train/nonfight/no346_xvid.mp4,0,train
datasets/hockey/train/nonfight/no120_xvid.mp4,0,train
datasets/hockey/train/nonfight/no206_xvid.mp4,0,train
datasets/hockey/train/nonfight/no207_xvid.mp4,0,train
datasets/hockey/train/nonfight/no294_xvid.mp4,0,train
datasets/hockey/train/nonfight/no295_xvid.mp4,0,train
datasets/hockey/train/nonfight/no88_xvid.mp4,0,train
datasets/hockey/train/nonfight/no89_xvid.mp4,0,train
datasets/hockey/train/nonfight/no168_xvid.mp4,0,train
datasets/hockey/train/nonfight/no169_xvid.mp4,0,train
datasets/hockey/train/nonfight/no70_xvid.mp4,0,train
datasets/hockey/train/nonfight/no71_xvid.mp4,0,train
datasets/hockey/train/nonfight/no190_xvid.mp4,0,train
datasets/hockey/train/nonfight/no191_xvid.mp4,0,train
datasets/hockey/train/nonfight/no102_xvid.mp4,0,train
datasets/hockey/train/nonfight/no364_xvid.mp4,0,train
datasets/hockey/train/nonfight/no365_xvid.mp4,0,train
datasets/hockey/train/nonfight/no103_xvid.mp4,0,train
datasets/hockey/train/nonfight/no225_xvid.mp4,0,train
datasets/hockey/train/nonfight/no224_xvid.mp4,0,train
datasets/hockey/train/nonfight/no39_xvid.mp4,0,train
datasets/hockey/train/nonfight/no38_xvid.mp4,0,train
datasets/hockey/train/nonfight/no252_xvid.mp4,0,train
datasets/hockey/train/nonfight/no253_xvid.mp4,0,train
datasets/hockey/train/nonfight/no381_xvid.mp4,0,train
datasets/hockey/train/nonfight/no380_xvid.mp4,0,train
datasets/hockey/train/nonfight/no313_xvid.mp4,0,train
datasets/hockey/train/nonfight/no175_xvid.mp4,0,train
datasets/hockey/train/nonfight/no174_xvid.mp4,0,train
datasets/hockey/train/nonfight/no312_xvid.mp4,0,train
datasets/hockey/train/nonfight/no95_xvid.mp4,0,train
datasets/hockey/train/nonfight/no94_xvid.mp4,0,train
datasets/hockey/train/nonfight/no289_xvid.mp4,0,train
datasets/hockey/train/nonfight/no288_xvid.mp4,0,train
datasets/hockey/train/nonfight/no327_xvid.mp4,0,train
datasets/hockey/train/nonfight/no141_xvid.mp4,0,train
datasets/hockey/train/nonfight/no140_xvid.mp4,0,train
datasets/hockey/train/nonfight/no326_xvid.mp4,0,train
datasets/hockey/train/nonfight/no1_xvid.mp4,0,train
datasets/hockey/train/nonfight/no33_xvid.mp4,0,train
datasets/hockey/train/nonfight/no32_xvid.mp4,0,train
datasets/hockey/train/nonfight/no238mpg_xvid.mp4,0,train
datasets/hockey/train/nonfight/no108_xvid.mp4,0,train
datasets/hockey/train/nonfight/no109_xvid.mp4,0,train
datasets/hockey/train/nonfight/no266_xvid.mp4,0,train
datasets/hockey/train/nonfight/no267_xvid.mp4,0,train
datasets/hockey/train/nonfight/no283_xvid.mp4,0,train
datasets/hockey/train/nonfight/no282_xvid.mp4,0,train
datasets/hockey/train/nonfight/no319_xvid.mp4,0,train
datasets/hockey/train/nonfight/no318_xvid.mp4,0,train
datasets/hockey/train/nonfight/no211_xvid.mp4,0,train
datasets/hockey/train/nonfight/no210_xvid.mp4,0,train
datasets/hockey/train/nonfight/no136_xvid.mp4,0,train
datasets/hockey/train/nonfight/no350_xvid.mp4,0,train
datasets/hockey/train/nonfight/no351_xvid.mp4,0,train
datasets/hockey/train/nonfight/no137_xvid.mp4,0,train
datasets/hockey/train/nonfight/no65___xvid.mp4,0,train
datasets/hockey/train/nonfight/no258_xvid.mp4,0,train
datasets/hockey/train/nonfight/no259_xvid.mp4,0,train
datasets/hockey/train/nonfight/no44_xvid.mp4,0,train
datasets/hockey/train/nonfight/no45_xvid.mp4,0,train
datasets/hockey/train/nonfight/no275_xvid.mp4,0,train
datasets/hockey/train/nonfight/no274_xvid.mp4,0,train
datasets/hockey/train/nonfight/no69_xvid.mp4,0,train
datasets/hockey/train/nonfight/no68_xvid.mp4,0,train
datasets/hockey/train/nonfight/no189_xvid.mp4,0,train
datasets/hockey/train/nonfight/no188_xvid.mp4,0,train
datasets/hockey/train/nonfight/no152_xvid.mp4,0,train
datasets/hockey/train/nonfight/no334_xvid.mp4,0,train
datasets/hockey/train/nonfight/no335_xvid.mp4,0,train
datasets/hockey/train/nonfight/no153_xvid.mp4,0,train
datasets/hockey/train/nonfight/no20_xvid.mp4,0,train
datasets/hockey/train/nonfight/no21_xvid.mp4,0,train
datasets/hockey/train/nonfight/no343_xvid.mp4,0,train
datasets/hockey/train/nonfight/no125_xvid.mp4,0,train
datasets/hockey/train/nonfight/no124_xvid.mp4,0,train
datasets/hockey/train/nonfight/no342_xvid.mp4,0,train
datasets/hockey/train/nonfight/no57_xvid.mp4,0,train
datasets/hockey/train/nonfight/no56_xvid.mp4,0,train
datasets/hockey/train/nonfight/no290_xvid.mp4,0,train
datasets/hockey/train/nonfight/no291_xvid.mp4,0,train
datasets/hockey/train/nonfight/no202_xvid.mp4,0,train
datasets/hockey/train/nonfight/no203_xvid.mp4,0,train
datasets/hockey/train/nonfight/no398_xvid.mp4,0,train
datasets/hockey/train/nonfight/no399_xvid.mp4,0,train
datasets/hockey/train/nonfight/no236_xvid.mp4,0,train
datasets/hockey/train/nonfight/no237_xvid.mp4,0,train
datasets/hockey/train/nonfight/no158_xvid.mp4,0,train
datasets/hockey/train/nonfight/no159_xvid.mp4,0,train
datasets/hockey/train/nonfight/no183_xvid.mp4,0,train
datasets/hockey/train/nonfight/no182_xvid.mp4,0,train
datasets/hockey/train/nonfight/no63_xvid.mp4,0,train
datasets/hockey/train/nonfight/no62_xvid.mp4,0,train
datasets/hockey/train/nonfight/no377_xvid.mp4,0,train
datasets/hockey/train/nonfight/no111_xvid.mp4,0,train
datasets/hockey/train/nonfight/no110_xvid.mp4,0,train
datasets/hockey/train/nonfight/no376_xvid.mp4,0,train
datasets/hockey/train/nonfight/no392_xvid.mp4,0,train
datasets/hockey/train/nonfight/no393_xvid.mp4,0,train
datasets/hockey/train/nonfight/no208_xvid.mp4,0,train
datasets/hockey/train/nonfight/no209_xvid.mp4,0,train
datasets/hockey/train/nonfight/no14_xvid.mp4,0,train
datasets/hockey/train/nonfight/no15_xvid.mp4,0,train
datasets/hockey/train/nonfight/no86_xvid.mp4,0,train
datasets/hockey/train/nonfight/no87_xvid.mp4,0,train
datasets/hockey/train/nonfight/no166_xvid.mp4,0,train
datasets/hockey/train/nonfight/no300_xvid.mp4,0,train
datasets/hockey/train/nonfight/no301_xvid.mp4,0,train
datasets/hockey/train/nonfight/no167_xvid.mp4,0,train
datasets/hockey/train/nonfight/no241_xvid.mp4,0,train
datasets/hockey/train/nonfight/no240_xvid.mp4,0,train
datasets/hockey/train/nonfight/no349_xvid.mp4,0,train
datasets/hockey/train/nonfight/no348_xvid.mp4,0,train
datasets/hockey/train/nonfight/no37_xvid.mp4,0,train
datasets/hockey/train/nonfight/no36_xvid.mp4,0,train
datasets/hockey/train/nonfight/no4_xvid.mp4,0,train
datasets/hockey/train/nonfight/no145_xvid.mp4,0,train
datasets/hockey/train/nonfight/no323_xvid.mp4,0,train
datasets/hockey/train/nonfight/no5_xvid.mp4,0,train
datasets/hockey/train/nonfight/no322_xvid.mp4,0,train
datasets/hockey/train/nonfight/no144_xvid.mp4,0,train
datasets/hockey/train/nonfight/no262_xvid.mp4,0,train
datasets/hockey/train/nonfight/no263_xvid.mp4,0,train
datasets/hockey/train/nonfight/no215_xvid.mp4,0,train
datasets/hockey/train/nonfight/no214_xvid.mp4,0,train
datasets/hockey/train/nonfight/no287_xvid.mp4,0,train
datasets/hockey/train/nonfight/no286_xvid.mp4,0,train
datasets/hockey/train/nonfight/no40_xvid.mp4,0,train
datasets/hockey/train/nonfight/no41_xvid.mp4,0,train
datasets/hockey/train/nonfight/no354_xvid.mp4,0,train
datasets/hockey/train/nonfight/no132_xvid.mp4,0,train
datasets/hockey/train/nonfight/no133_xvid.mp4,0,train
datasets/hockey/train/nonfight/no355_xvid.mp4,0,train
datasets/hockey/train/nonfight/no360_xvid.mp4,0,train
datasets/hockey/train/nonfight/no106_xvid.mp4,0,train
datasets/hockey/train/nonfight/no107_xvid.mp4,0,train
datasets/hockey/train/nonfight/no361_xvid.mp4,0,train
datasets/hockey/train/nonfight/no194_xvid.mp4,0,train
datasets/hockey/train/nonfight/no195_xvid.mp4,0,train
datasets/hockey/train/nonfight/no74_xvid.mp4,0,train
datasets/hockey/train/nonfight/no75_xvid.mp4,0,train
datasets/hockey/train/nonfight/no268_xvid.mp4,0,train
datasets/hockey/train/nonfight/no269_xvid.mp4,0,train
datasets/hockey/train/nonfight/no329_xvid.mp4,0,train
datasets/hockey/train/nonfight/no328_xvid.mp4,0,train
datasets/hockey/train/nonfight/no221_xvid.mp4,0,train
datasets/hockey/train/nonfight/no220_xvid.mp4,0,train
datasets/hockey/train/nonfight/no138_xvid.mp4,0,train
datasets/hockey/train/nonfight/no139_xvid.mp4,0,train
datasets/hockey/train/nonfight/no256_xvid.mp4,0,train
datasets/hockey/train/nonfight/no257_xvid.mp4,0,train
datasets/hockey/train/nonfight/no91_xvid.mp4,0,train
datasets/hockey/train/nonfight/no90_xvid.mp4,0,train
datasets/hockey/train/nonfight/no171_xvid.mp4,0,train
datasets/hockey/train/nonfight/no317_xvid.mp4,0,train
datasets/hockey/train/nonfight/no316_xvid.mp4,0,train
datasets/hockey/train/nonfight/no170_xvid.mp4,0,train
datasets/hockey/train/nonfight/no385_xvid.mp4,0,train
datasets/hockey/train/nonfight/no384_xvid.mp4,0,train
datasets/hockey/train/nonfight/no3_xvid.mp4,0,train
datasets/hockey/train/nonfight/no324_xvid.mp4,0,train
datasets/hockey/train/nonfight/no2_xvid.mp4,0,train
datasets/hockey/train/nonfight/no143_xvid.mp4,0,train
datasets/hockey/train/nonfight/no325_xvid.mp4,0,train
datasets/hockey/train/nonfight/no30_xvid.mp4,0,train
datasets/hockey/train/nonfight/no31_xvid.mp4,0,train
datasets/hockey/train/nonfight/no79_xvid.mp4,0,train
datasets/hockey/train/nonfight/no78_xvid.mp4,0,train
datasets/hockey/train/nonfight/no265_xvid.mp4,0,train
datasets/hockey/train/nonfight/no264_xvid.mp4,0,train
datasets/hockey/train/nonfight/no199_xvid.mp4,0,train
datasets/hockey/train/nonfight/no198_xvid.mp4,0,train
datasets/hockey/train/nonfight/no280_xvid.mp4,0,train
datasets/hockey/train/nonfight/no281_xvid.mp4,0,train
datasets/hockey/train/nonfight/no212_xvid.mp4,0,train
datasets/hockey/train/nonfight/no213_xvid.mp4,0,train
datasets/hockey/train/nonfight/no388_xvid.mp4,0,train
datasets/hockey/train/nonfight/no389_xvid.mp4,0,train
datasets/hockey/train/nonfight/no135_xvid.mp4,0,train
datasets/hockey/train/nonfight/no353_xvid.mp4,0,train
datasets/hockey/train/nonfight/no352_xvid.mp4,0,train
datasets/hockey/train/nonfight/no134_xvid.mp4,0,train
datasets/hockey/train/nonfight/no47_xvid.mp4,0,train
datasets/hockey/train/nonfight/no46_xvid.mp4,0,train
datasets/hockey/train/nonfight/no193_xvid.mp4,0,train
datasets/hockey/train/nonfight/no192_xvid.mp4,0,train
datasets/hockey/train/nonfight/no73_xvid.mp4,0,train
datasets/hockey/train/nonfight/no72_xvid.mp4,0,train
datasets/hockey/train/nonfight/no101_xvid.mp4,0,train
datasets/hockey/train/nonfight/no367_xvid.mp4,0,train
datasets/hockey/train/nonfight/no366_xvid.mp4,0,train
datasets/hockey/train/nonfight/no100_xvid.mp4,0,train
datasets/hockey/train/nonfight/no226_xvid.mp4,0,train
datasets/hockey/train/nonfight/no227_xvid.mp4,0,train
datasets/hockey/train/nonfight/no9_xvid.mp4,0,train
datasets/hockey/train/nonfight/no148_xvid.mp4,0,train
datasets/hockey/train/nonfight/no8_xvid.mp4,0,train
datasets/hockey/train/nonfight/no149_xvid.mp4,0,train
datasets/hockey/train/nonfight/no251_xvid.mp4,0,train
datasets/hockey/train/nonfight/no250_xvid.mp4,0,train
datasets/hockey/train/nonfight/no359_xvid.mp4,0,train
datasets/hockey/train/nonfight/no358_xvid.mp4,0,train
datasets/hockey/train/nonfight/no382_xvid.mp4,0,train
datasets/hockey/train/nonfight/no383_xvid.mp4,0,train
datasets/hockey/train/nonfight/no218_xvid.mp4,0,train
datasets/hockey/train/nonfight/no219_xvid.mp4,0,train
datasets/hockey/train/nonfight/no96_xvid.mp4,0,train
datasets/hockey/train/nonfight/no97_xvid.mp4,0,train
datasets/hockey/train/nonfight/no310_xvid.mp4,0,train
datasets/hockey/train/nonfight/no176_xvid.mp4,0,train
datasets/hockey/train/nonfight/no177_xvid.mp4,0,train
datasets/hockey/train/nonfight/no311_xvid.mp4,0,train
datasets/hockey/train/nonfight/no272_xvid.mp4,0,train
datasets/hockey/train/nonfight/no273_xvid.mp4,0,train
datasets/hockey/train/nonfight/no27_xvid.mp4,0,train
datasets/hockey/train/nonfight/no26_xvid.mp4,0,train
datasets/hockey/train/nonfight/no400_xvid.mp4,0,train
datasets/hockey/train/nonfight/no333_xvid.mp4,0,train
datasets/hockey/train/nonfight/no155_xvid.mp4,0,train
datasets/hockey/train/nonfight/no154_xvid.mp4,0,train
datasets/hockey/train/nonfight/no332_xvid.mp4,0,train
datasets/hockey/train/nonfight/no50_xvid.mp4,0,train
datasets/hockey/train/nonfight/no51_xvid.mp4,0,train
datasets/hockey/train/nonfight/no122_xvid.mp4,0,train
datasets/hockey/train/nonfight/no344_xvid.mp4,0,train
datasets/hockey/train/nonfight/no345_xvid.mp4,0,train
datasets/hockey/train/nonfight/no123_xvid.mp4,0,train
datasets/hockey/train/nonfight/no205_xvid.mp4,0,train
datasets/hockey/train/nonfight/no204_xvid.mp4,0,train
datasets/hockey/train/nonfight/no19_xvid.mp4,0,train
datasets/hockey/train/nonfight/no18_xvid.mp4,0,train
datasets/hockey/train/nonfight/no297_xvid.mp4,0,train
datasets/hockey/train/nonfight/no296_xvid.mp4,0,train
datasets/hockey/train/nonfight/no339_xvid.mp4,0,train
datasets/hockey/train/nonfight/no338_xvid.mp4,0,train
datasets/hockey/train/nonfight/no231_xvid.mp4,0,train
datasets/hockey/train/nonfight/no230_xvid.mp4,0,train
datasets/hockey/train/nonfight/no116_xvid.mp4,0,train
datasets/hockey/train/nonfight/no370_xvid.mp4,0,train
datasets/hockey/train/nonfight/no371_xvid.mp4,0,train
datasets/hockey/train/nonfight/no117_xvid.mp4,0,train
datasets/hockey/train/nonfight/no184_xvid.mp4,0,train
datasets/hockey/train/nonfight/no185_xvid.mp4,0,train
datasets/hockey/train/nonfight/no278_xvid.mp4,0,train
datasets/hockey/train/nonfight/no279_xvid.mp4,0,train
datasets/hockey/train/nonfight/no64_xvid.mp4,0,train
datasets/hockey/train/nonfight/no81_xvid.mp4,0,train
datasets/hockey/train/nonfight/no80_xvid.mp4,0,train
datasets/hockey/train/nonfight/no307_xvid.mp4,0,train
datasets/hockey/train/nonfight/no161_xvid.mp4,0,train
datasets/hockey/train/nonfight/no160_xvid.mp4,0,train
datasets/hockey/train/nonfight/no306_xvid.mp4,0,train
datasets/hockey/train/nonfight/no395_xvid.mp4,0,train
datasets/hockey/train/nonfight/no394_xvid.mp4,0,train
datasets/hockey/train/nonfight/no13_xvid.mp4,0,train
datasets/hockey/train/nonfight/no12_xvid.mp4,0,train
datasets/hockey/train/nonfight/no128_xvid.mp4,0,train
datasets/hockey/train/nonfight/no129_xvid.mp4,0,train
datasets/hockey/train/nonfight/no246_xvid.mp4,0,train
datasets/hockey/train/nonfight/no247_xvid.mp4,0,train
datasets/hockey/val/fight/fi454_xvid.mp4,1,val
datasets/hockey/val/fight/fi455_xvid.mp4,1,val
datasets/hockey/val/fight/fi423_xvid.mp4,1,val
datasets/hockey/val/fight/fi422_xvid.mp4,1,val
datasets/hockey/val/fight/fi485_xvid.mp4,1,val
datasets/hockey/val/fight/fi484_xvid.mp4,1,val
datasets/hockey/val/fight/fi417_xvid.mp4,1,val
datasets/hockey/val/fight/fi416_xvid.mp4,1,val
datasets/hockey/val/fight/fi460_xvid.mp4,1,val
datasets/hockey/val/fight/fi461_xvid.mp4,1,val
datasets/hockey/val/fight/fi429_xvid.mp4,1,val
datasets/hockey/val/fight/fi428_xvid.mp4,1,val
datasets/hockey/val/fight/fi443_xvid.mp4,1,val
datasets/hockey/val/fight/fi442_xvid.mp4,1,val
datasets/hockey/val/fight/fi498_xvid.mp4,1,val
datasets/hockey/val/fight/fi499_xvid.mp4,1,val
datasets/hockey/val/fight/fi434_xvid.mp4,1,val
datasets/hockey/val/fight/fi435_xvid.mp4,1,val
datasets/hockey/val/fight/fi401_xvid.mp4,1,val
datasets/hockey/val/fight/fi492_xvid.mp4,1,val
datasets/hockey/val/fight/fi493_xvid.mp4,1,val
datasets/hockey/val/fight/fi449_xvid.mp4,1,val
datasets/hockey/val/fight/fi448_xvid.mp4,1,val
datasets/hockey/val/fight/fi477_xvid.mp4,1,val
datasets/hockey/val/fight/fi476_xvid.mp4,1,val
datasets/hockey/val/fight/fi444_xvid.mp4,1,val
datasets/hockey/val/fight/fi445_xvid.mp4,1,val
datasets/hockey/val/fight/fi433_xvid.mp4,1,val
datasets/hockey/val/fight/fi432_xvid.mp4,1,val
datasets/hockey/val/fight/fi495_xvid.mp4,1,val
datasets/hockey/val/fight/fi494_xvid.mp4,1,val
datasets/hockey/val/fight/fi407_xvid.mp4,1,val
datasets/hockey/val/fight/fi406_xvid.mp4,1,val
datasets/hockey/val/fight/fi439_xvid.mp4,1,val
datasets/hockey/val/fight/fi438_xvid.mp4,1,val
datasets/hockey/val/fight/fi470_xvid.mp4,1,val
datasets/hockey/val/fight/fi471_xvid.mp4,1,val
datasets/hockey/val/fight/fi488_xvid.mp4,1,val
datasets/hockey/val/fight/fi489_xvid.mp4,1,val
datasets/hockey/val/fight/fi453_xvid.mp4,1,val
datasets/hockey/val/fight/fi452_xvid.mp4,1,val
datasets/hockey/val/fight/fi424_xvid.mp4,1,val
datasets/hockey/val/fight/fi425_xvid.mp4,1,val
datasets/hockey/val/fight/fi459_xvid.mp4,1,val
datasets/hockey/val/fight/fi458_xvid.mp4,1,val
datasets/hockey/val/fight/fi410_xvid.mp4,1,val
datasets/hockey/val/fight/fi411_xvid.mp4,1,val
datasets/hockey/val/fight/fi482_xvid.mp4,1,val
datasets/hockey/val/fight/fi483_xvid.mp4,1,val
datasets/hockey/val/fight/fi467_xvid.mp4,1,val
datasets/hockey/val/fight/fi466_xvid.mp4,1,val
datasets/hockey/val/fight/fi403_xvid.mp4,1,val
datasets/hockey/val/fight/fi402_xvid.mp4,1,val
datasets/hockey/val/fight/fi491_xvid.mp4,1,val
datasets/hockey/val/fight/fi490_xvid.mp4,1,val
datasets/hockey/val/fight/fi474_xvid.mp4,1,val
datasets/hockey/val/fight/fi475_xvid.mp4,1,val
datasets/hockey/val/fight/fi440_xvid.mp4,1,val
datasets/hockey/val/fight/fi441_xvid.mp4,1,val
datasets/hockey/val/fight/fi500_xvid.mp4,1,val
datasets/hockey/val/fight/fi409_xvid.mp4,1,val
datasets/hockey/val/fight/fi408_xvid.mp4,1,val
datasets/hockey/val/fight/fi437_xvid.mp4,1,val
datasets/hockey/val/fight/fi436_xvid.mp4,1,val
datasets/hockey/val/fight/fi486_xvid.mp4,1,val
datasets/hockey/val/fight/fi487_xvid.mp4,1,val
datasets/hockey/val/fight/fi414_xvid.mp4,1,val
datasets/hockey/val/fight/fi415_xvid.mp4,1,val
datasets/hockey/val/fight/fi463_xvid.mp4,1,val
datasets/hockey/val/fight/fi462_xvid.mp4,1,val
datasets/hockey/val/fight/fi457_xvid.mp4,1,val
datasets/hockey/val/fight/fi456_xvid.mp4,1,val
datasets/hockey/val/fight/fi420_xvid.mp4,1,val
datasets/hockey/val/fight/fi421_xvid.mp4,1,val
datasets/hockey/val/fight/fi469_xvid.mp4,1,val
datasets/hockey/val/fight/fi468_xvid.mp4,1,val
datasets/hockey/val/fight/fi413_xvid.mp4,1,val
datasets/hockey/val/fight/fi412_xvid.mp4,1,val
datasets/hockey/val/fight/fi481_xvid.mp4,1,val
datasets/hockey/val/fight/fi480_xvid.mp4,1,val
datasets/hockey/val/fight/fi464_xvid.mp4,1,val
datasets/hockey/val/fight/fi465_xvid.mp4,1,val
datasets/hockey/val/fight/fi419_xvid.mp4,1,val
datasets/hockey/val/fight/fi418_xvid.mp4,1,val
datasets/hockey/val/fight/fi450_xvid.mp4,1,val
datasets/hockey/val/fight/fi451_xvid.mp4,1,val
datasets/hockey/val/fight/fi427_xvid.mp4,1,val
datasets/hockey/val/fight/fi426_xvid.mp4,1,val
datasets/hockey/val/fight/fi496_xvid.mp4,1,val
datasets/hockey/val/fight/fi497_xvid.mp4,1,val
datasets/hockey/val/fight/fi404_xvid.mp4,1,val
datasets/hockey/val/fight/fi405_xvid.mp4,1,val
datasets/hockey/val/fight/fi473_xvid.mp4,1,val
datasets/hockey/val/fight/fi472_xvid.mp4,1,val
datasets/hockey/val/fight/fi447_xvid.mp4,1,val
datasets/hockey/val/fight/fi446_xvid.mp4,1,val
datasets/hockey/val/fight/fi479_xvid.mp4,1,val
datasets/hockey/val/fight/fi478_xvid.mp4,1,val
datasets/hockey/val/fight/fi430_xvid.mp4,1,val
datasets/hockey/val/fight/fi431_xvid.mp4,1,val
datasets/hockey/val/nonfight/no451_xvid.mp4,0,val
datasets/hockey/val/nonfight/no450_xvid.mp4,0,val
datasets/hockey/val/nonfight/no418_xvid.mp4,0,val
datasets/hockey/val/nonfight/no419_xvid.mp4,0,val
datasets/hockey/val/nonfight/no426_xvid.mp4,0,val
datasets/hockey/val/nonfight/no427_xvid.mp4,0,val
datasets/hockey/val/nonfight/no480_xvid.mp4,0,val
datasets/hockey/val/nonfight/no481_xvid.mp4,0,val
datasets/hockey/val/nonfight/no412_xvid.mp4,0,val
datasets/hockey/val/nonfight/no413_xvid.mp4,0,val
datasets/hockey/val/nonfight/no465_xvid.mp4,0,val
datasets/hockey/val/nonfight/no464_xvid.mp4,0,val
datasets/hockey/val/nonfight/no446_xvid.mp4,0,val
datasets/hockey/val/nonfight/no447_xvid.mp4,0,val
datasets/hockey/val/nonfight/no431_xvid.mp4,0,val
datasets/hockey/val/nonfight/no430_xvid.mp4,0,val
datasets/hockey/val/nonfight/no478_xvid.mp4,0,val
datasets/hockey/val/nonfight/no479_xvid.mp4,0,val
datasets/hockey/val/nonfight/no405_xvid.mp4,0,val
datasets/hockey/val/nonfight/no404_xvid.mp4,0,val
datasets/hockey/val/nonfight/no497_xvid.mp4,0,val
datasets/hockey/val/nonfight/no496_xvid.mp4,0,val
datasets/hockey/val/nonfight/no472_xvid.mp4,0,val
datasets/hockey/val/nonfight/no473_xvid.mp4,0,val
datasets/hockey/val/nonfight/no408_xvid.mp4,0,val
datasets/hockey/val/nonfight/no409_xvid.mp4,0,val
datasets/hockey/val/nonfight/no500_xvid.mp4,0,val
datasets/hockey/val/nonfight/no441_xvid.mp4,0,val
datasets/hockey/val/nonfight/no440_xvid.mp4,0,val
datasets/hockey/val/nonfight/no436_xvid.mp4,0,val
datasets/hockey/val/nonfight/no437_xvid.mp4,0,val
datasets/hockey/val/nonfight/no490_xvid.mp4,0,val
datasets/hockey/val/nonfight/no491_xvid.mp4,0,val
datasets/hockey/val/nonfight/no402_xvid.mp4,0,val
datasets/hockey/val/nonfight/no403_xvid.mp4,0,val
datasets/hockey/val/nonfight/no475_xvid.mp4,0,val
datasets/hockey/val/nonfight/no474_xvid.mp4,0,val
datasets/hockey/val/nonfight/no456_xvid.mp4,0,val
datasets/hockey/val/nonfight/no457_xvid.mp4,0,val
datasets/hockey/val/nonfight/no468_xvid.mp4,0,val
datasets/hockey/val/nonfight/no469_xvid.mp4,0,val
datasets/hockey/val/nonfight/no421_xvid.mp4,0,val
datasets/hockey/val/nonfight/no420_xvid.mp4,0,val
datasets/hockey/val/nonfight/no415_xvid.mp4,0,val
datasets/hockey/val/nonfight/no414_xvid.mp4,0,val
datasets/hockey/val/nonfight/no487_xvid.mp4,0,val
datasets/hockey/val/nonfight/no486_xvid.mp4,0,val
datasets/hockey/val/nonfight/no462_xvid.mp4,0,val
datasets/hockey/val/nonfight/no463_xvid.mp4,0,val
datasets/hockey/val/nonfight/no406_xvid.mp4,0,val
datasets/hockey/val/nonfight/no407_xvid.mp4,0,val
datasets/hockey/val/nonfight/no494_xvid.mp4,0,val
datasets/hockey/val/nonfight/no495_xvid.mp4,0,val
datasets/hockey/val/nonfight/no471_xvid.mp4,0,val
datasets/hockey/val/nonfight/no470_xvid.mp4,0,val
datasets/hockey/val/nonfight/no438_xvid.mp4,0,val
datasets/hockey/val/nonfight/no439_xvid.mp4,0,val
datasets/hockey/val/nonfight/no445_xvid.mp4,0,val
datasets/hockey/val/nonfight/no444_xvid.mp4,0,val
datasets/hockey/val/nonfight/no432_xvid.mp4,0,val
datasets/hockey/val/nonfight/no433_xvid.mp4,0,val
datasets/hockey/val/nonfight/no483_xvid.mp4,0,val
datasets/hockey/val/nonfight/no482_xvid.mp4,0,val
datasets/hockey/val/nonfight/no411_xvid.mp4,0,val
datasets/hockey/val/nonfight/no410_xvid.mp4,0,val
datasets/hockey/val/nonfight/no458_xvid.mp4,0,val
datasets/hockey/val/nonfight/no459_xvid.mp4,0,val
datasets/hockey/val/nonfight/no466_xvid.mp4,0,val
datasets/hockey/val/nonfight/no467_xvid.mp4,0,val
datasets/hockey/val/nonfight/no452_xvid.mp4,0,val
datasets/hockey/val/nonfight/no453_xvid.mp4,0,val
datasets/hockey/val/nonfight/no489_xvid.mp4,0,val
datasets/hockey/val/nonfight/no488_xvid.mp4,0,val
datasets/hockey/val/nonfight/no425_xvid.mp4,0,val
datasets/hockey/val/nonfight/no424_xvid.mp4,0,val
datasets/hockey/val/nonfight/no416_xvid.mp4,0,val
datasets/hockey/val/nonfight/no417_xvid.mp4,0,val
datasets/hockey/val/nonfight/no484_xvid.mp4,0,val
datasets/hockey/val/nonfight/no485_xvid.mp4,0,val
datasets/hockey/val/nonfight/no428_xvid.mp4,0,val
datasets/hockey/val/nonfight/no429_xvid.mp4,0,val
datasets/hockey/val/nonfight/no461_xvid.mp4,0,val
datasets/hockey/val/nonfight/no460_xvid.mp4,0,val
datasets/hockey/val/nonfight/no455_xvid.mp4,0,val
datasets/hockey/val/nonfight/no454_xvid.mp4,0,val
datasets/hockey/val/nonfight/no422_xvid.mp4,0,val
datasets/hockey/val/nonfight/no423_xvid.mp4,0,val
datasets/hockey/val/nonfight/no448_xvid.mp4,0,val
datasets/hockey/val/nonfight/no449_xvid.mp4,0,val
datasets/hockey/val/nonfight/no493_xvid.mp4,0,val
datasets/hockey/val/nonfight/no492_xvid.mp4,0,val
datasets/hockey/val/nonfight/no401_xvid.mp4,0,val
datasets/hockey/val/nonfight/no476_xvid.mp4,0,val
datasets/hockey/val/nonfight/no477_xvid.mp4,0,val
datasets/hockey/val/nonfight/no499_xvid.mp4,0,val
datasets/hockey/val/nonfight/no498_xvid.mp4,0,val
datasets/hockey/val/nonfight/no442_xvid.mp4,0,val
datasets/hockey/val/nonfight/no443_xvid.mp4,0,val
datasets/hockey/val/nonfight/no435_xvid.mp4,0,val
datasets/hockey/val/nonfight/no434_xvid.mp4,0,val
